Customer_ID,Service_Type_Code,Request_Date,Service_Cost,Distance_to_Service_Center,Customer_Age,Daily_Request_Volume_Avg,Customer_Satisfaction_Index,Customer_Tier,Previous_Requests,Support_Contacts,Issue_Resolution_Time_Hours
1038,6,23/12/2024,277,4,58,165,72,1,1,3,2.0
1028,21,14/11/2023,115,34,31,286,44,1,1,2,2.5
1014,6,01/02/2023,384,48,47,222,96,2,0,2,5.5
1042,26,31/10/2024,467,18,58,315,67,2,1,0,5.5
1007,12,12/10/2023,469,40,21,352,53,1,3,3,7.0
1020,13,01/11/2023,311,35,21,203,44,2,0,0,4.0
1038,13,04/03/2024,344,41,45,333,93,1,3,2,5.5
1018,29,21/04/2024,475,29,25,363,95,2,1,0,5.5
1022,15,13/10/2023,292,29,19,374,98,3,0,3,5.0
1010,21,24/05/2023,420,38,58,249,72,2,1,2,8.0
1010,16,28/02/2024,235,42,63,258,89,4,0,1,3.0
1023,22,19/01/2023,295,21,39,236,87,3,1,2,3.0
1035,21,18/01/2023,174,42,58,322,80,3,3,1,2.5
1039,11,12/08/2024,317,13,33,386,58,3,3,0,4.5
1023,28,06/01/2024,180,49,46,311,61,3,1,0,4.5
1002,5,24/06/2023,286,41,66,286,44,2,0,3,4.0
1021,4,13/07/2023,67,17,65,365,98,1,2,1,1.5
1001,3,16/05/2024,89,9,47,157,41,1,3,0,2.0
1023,19,23/04/2023,70,41,29,156,69,2,3,1,2.5
1043,20,24/04/2023,448,1,52,185,86,1,5,0,6.0
1029,25,10/08/2023,274,2,28,167,78,1,2,2,3.0
1037,18,08/11/2024,404,48,63,152,43,4,1,0,4.0
1001,15,05/10/2024,331,29,67,177,72,3,0,3,5.0
1020,9,21/09/2023,57,33,38,219,52,3,5,2,1.0
1032,17,24/02/2023,149,10,38,385,59,1,1,3,2.0
1011,14,04/10/2024,289,40,22,321,93,1,4,2,4.5
1021,15,02/04/2024,136,21,65,298,46,1,3,1,3.0
1043,1,11/06/2023,347,28,37,177,54,1,4,3,4.5
1024,21,15/01/2024,477,11,54,381,62,1,3,0,5.0
1048,22,28/03/2023,63,34,20,203,53,1,3,1,0.0
1026,22,24/02/2023,383,8,61,331,62,3,4,0,5.5
1041,3,20/04/2024,51,22,50,214,58,2,4,2,1.5
1027,16,27/06/2023,424,8,26,249,93,1,1,2,6.0
1015,23,26/01/2024,342,49,26,170,68,1,5,0,5.5
1014,25,15/12/2023,374,15,21,384,95,2,5,0,3.5
1046,11,08/01/2023,471,17,52,376,59,1,4,1,6.5
1043,12,09/11/2023,90,23,34,162,68,3,1,0,3.0
1002,10,18/03/2024,367,24,51,206,63,1,5,3,4.5
1036,16,24/11/2023,365,45,41,198,57,1,1,3,6.5
1006,8,23/02/2023,430,19,49,267,49,1,1,0,5.0
1020,6,27/08/2023,160,5,18,203,80,1,3,3,2.0
1008,12,17/08/2023,63,32,25,287,96,2,5,0,2.0
1038,24,01/08/2024,280,44,62,202,47,2,5,1,5.5
1017,28,20/02/2023,133,1,40,193,65,2,3,3,2.5
1003,21,31/08/2024,179,23,64,196,68,1,4,3,2.5
1024,8,26/08/2024,280,37,57,202,49,2,3,0,5.5
1013,26,21/09/2023,375,8,29,223,56,2,5,3,4.5
1049,28,22/02/2024,194,13,29,195,41,3,5,2,2.5
1008,4,06/04/2023,428,8,63,162,45,1,4,1,4.5
1025,26,29/03/2023,394,23,64,314,97,1,3,1,6.5
1001,8,19/03/2023,77,43,32,251,44,2,0,3,1.5
1019,26,15/10/2023,115,1,58,173,67,2,0,3,3.0
1027,28,30/04/2023,212,45,36,151,80,1,4,2,2.0
1046,18,05/05/2024,278,24,43,363,44,1,3,2,4.5
1006,28,27/03/2024,310,35,69,230,57,1,3,3,4.5
1043,28,14/05/2024,498,24,46,249,65,3,1,3,7.5
1007,5,14/06/2023,473,17,39,291,59,1,5,2,5.0
1046,9,01/07/2023,489,5,57,287,80,3,2,0,4.5
1034,4,13/04/2024,213,20,38,312,88,2,4,2,2.5
1013,27,07/01/2023,350,21,68,302,66,3,2,0,6.0
1016,22,26/11/2023,456,40,55,280,88,3,2,1,4.5
1035,17,03/11/2024,352,31,37,260,51,1,4,1,2.5
1049,9,31/05/2023,336,46,46,251,46,3,3,2,5.0
1039,1,26/03/2023,444,36,68,166,98,1,4,0,6.0
1003,21,27/05/2023,59,11,21,161,42,3,2,2,0.5
1001,20,15/09/2024,244,15,24,331,49,2,5,2,4.5
1005,13,16/01/2024,167,19,45,265,73,1,5,0,1.5
1041,28,01/07/2024,319,7,45,173,64,2,5,2,3.5
1003,16,12/10/2023,129,28,21,178,74,4,3,1,3.0
1028,29,30/11/2024,142,43,39,320,55,1,0,3,2.0
1017,13,23/03/2023,315,5,29,302,41,2,4,3,4.5
1025,14,28/05/2024,381,5,62,377,99,2,5,2,5.0
1043,3,09/12/2024,399,30,20,271,63,3,4,0,5.5
1033,29,06/06/2024,410,32,39,337,49,1,5,0,5.0
1009,6,21/01/2024,306,8,61,239,77,1,3,1,5.0
1035,18,07/12/2024,182,10,19,379,61,1,0,0,3.5
1013,19,15/04/2024,325,38,41,214,65,2,0,0,2.5
1030,5,29/04/2023,313,47,51,233,82,1,5,1,5.0
1047,15,31/01/2024,220,32,44,268,94,3,3,2,2.5
1014,25,15/06/2024,50,48,58,305,78,1,1,3,2.0
1007,2,18/09/2023,362,28,18,165,66,2,4,1,5.5
1013,10,13/09/2023,113,17,25,324,68,1,4,2,1.5
1022,24,14/08/2023,423,31,40,358,86,1,2,1,3.5
1039,18,22/02/2023,333,8,55,253,77,1,3,2,5.5
1020,27,14/05/2024,170,40,23,241,59,1,2,1,4.5
1015,13,20/05/2024,156,25,39,335,66,2,5,2,2.5
1044,5,30/12/2023,470,9,42,353,80,3,2,1,6.0
1017,23,07/10/2023,224,2,35,176,93,2,0,2,2.0
1046,24,15/08/2024,253,15,34,395,59,4,4,1,3.5
1023,1,14/12/2024,214,3,29,330,83,3,2,3,2.5
1025,22,07/06/2023,354,49,23,319,58,2,0,3,5.0
1024,1,23/09/2024,169,36,43,336,59,3,3,0,3.5
1044,18,28/02/2023,93,4,44,324,74,2,2,2,0.0
1040,15,27/12/2024,361,14,25,371,86,1,5,1,4.0
1028,17,08/05/2023,205,41,36,382,41,2,5,2,4.0
1014,11,21/12/2024,416,41,59,311,69,1,5,3,7.5
1044,21,25/04/2023,256,25,18,314,92,2,4,2,2.0
1000,26,28/07/2023,439,10,46,283,73,2,2,1,5.5
1024,25,09/06/2024,157,21,62,284,61,1,3,2,3.0
1006,22,04/06/2024,300,36,66,373,42,1,2,1,2.5
1008,27,05/07/2024,494,12,52,373,45,3,4,3,6.5
1023,27,25/08/2023,453,27,57,394,54,2,0,3,6.5
1000,17,08/10/2023,419,40,31,302,66,1,4,3,6.0
1043,13,25/12/2023,383,2,52,182,49,2,5,0,4.5
1007,1,20/07/2023,179,13,65,204,48,2,0,3,3.0
1023,2,05/10/2023,342,32,62,335,72,2,5,2,4.5
1010,9,23/08/2023,69,31,37,156,71,4,1,0,0.0
1016,3,08/05/2024,331,16,66,393,87,2,4,3,4.0
1007,1,04/01/2023,334,32,30,206,45,1,4,2,4.5
1034,21,27/10/2024,50,32,55,275,80,3,3,2,0.5
1034,16,17/03/2024,168,34,66,161,98,3,2,2,5.0
1032,23,29/01/2023,84,11,63,165,75,1,0,1,2.5
1004,6,19/04/2023,247,10,66,357,98,1,0,0,1.5
1041,28,01/09/2024,294,15,25,192,99,1,3,2,3.5
1038,17,27/12/2024,108,17,60,266,41,2,3,1,4.0
1040,5,16/03/2023,374,40,37,377,68,2,2,3,3.5
1027,5,26/05/2023,210,18,50,354,43,2,5,2,3.5
1006,6,08/05/2023,228,9,43,284,40,3,2,1,3.5
1008,3,11/02/2023,255,25,56,377,58,2,4,2,2.5
1007,21,22/12/2023,61,40,38,260,65,1,5,0,2.5
1011,23,10/02/2023,325,14,66,200,64,1,1,0,5.0
1033,5,03/02/2023,230,25,59,350,49,1,2,3,5.0
1032,21,17/01/2023,291,22,60,309,92,1,3,2,3.0
1047,5,07/11/2024,265,30,58,224,54,2,5,1,6.5
1022,10,02/06/2023,300,20,26,157,98,3,2,3,1.5
1023,10,13/01/2024,348,21,41,374,61,1,0,2,5.0
1036,19,10/08/2024,175,44,54,364,90,2,1,3,1.5
1034,17,21/08/2024,266,32,66,366,87,2,4,1,3.5
1043,21,20/09/2024,355,46,58,397,60,1,0,3,4.5
1039,14,08/12/2023,334,49,34,349,98,1,0,3,5.0
1021,9,27/01/2023,234,21,41,194,95,1,1,3,2.5
1026,14,14/10/2023,88,35,38,363,61,1,4,2,1.5
1034,1,07/10/2024,272,32,68,208,75,3,3,1,3.0
1000,19,17/06/2023,233,30,56,281,73,1,5,0,5.5
1034,13,01/09/2024,476,39,58,253,69,1,4,2,6.5
1036,13,25/09/2023,227,49,56,344,64,2,2,0,2.0
1046,4,30/03/2024,456,12,30,306,84,4,0,0,5.5
1013,1,15/11/2024,477,41,28,382,67,1,2,2,6.0
1002,17,05/02/2024,343,47,63,306,40,1,3,2,5.5
1000,8,20/04/2024,389,18,36,247,88,1,2,1,5.0
1004,2,02/12/2024,200,21,28,375,84,1,4,1,4.0
1025,28,25/09/2024,433,13,30,305,43,1,2,3,4.5
1013,8,11/07/2024,175,21,63,354,46,2,3,0,3.0
1038,7,29/07/2024,350,8,62,228,88,1,3,1,3.5
1026,26,10/05/2023,357,46,18,273,48,1,3,3,6.0
1008,26,29/12/2023,385,40,57,364,75,3,4,1,5.0
1014,2,05/12/2024,483,46,61,321,58,1,3,2,6.5
1014,22,23/11/2024,283,7,36,367,40,1,0,1,3.5
1025,22,19/10/2023,429,23,29,153,49,1,3,0,5.5
1041,3,06/01/2024,424,44,25,239,75,4,2,1,7.0
1012,27,29/01/2023,57,32,25,253,48,1,5,0,4.5
1031,18,29/05/2023,390,11,62,286,84,3,2,2,4.5
1038,12,23/10/2023,178,22,29,268,85,2,5,0,2.5
1048,1,11/01/2023,313,22,65,282,81,1,2,1,2.5
1031,22,26/05/2024,206,43,50,205,71,4,4,3,2.5
1003,12,06/11/2024,401,25,62,245,71,1,2,2,5.0
1029,5,23/04/2023,407,22,43,361,45,1,4,1,4.5
1036,27,06/07/2023,54,28,56,327,87,3,4,2,0.5
1022,25,15/08/2023,135,29,45,224,77,2,3,2,4.0
1038,17,06/11/2023,224,13,22,292,56,2,0,1,3.0
1044,16,08/04/2023,339,18,25,181,49,1,5,1,4.5
1014,15,24/02/2023,242,2,42,177,89,1,3,3,2.0
1042,23,14/09/2024,360,29,44,171,66,2,3,2,6.0
1028,15,25/10/2024,168,21,63,382,93,1,4,2,2.0
1035,5,10/02/2024,267,15,40,166,89,1,4,1,2.5
1012,21,10/03/2023,476,27,47,208,74,1,5,0,4.0
1031,14,08/11/2023,463,31,62,239,91,1,2,1,5.5
1006,2,16/10/2023,163,15,64,385,98,3,2,2,1.5
1021,11,01/07/2024,194,23,40,348,60,1,3,1,4.5
1027,19,28/05/2023,75,24,66,255,64,4,1,3,3.5
1001,7,11/04/2024,185,44,64,334,67,1,1,0,2.0
1041,6,01/09/2023,352,13,37,175,86,2,2,1,3.0
1044,28,05/05/2024,281,22,35,174,54,1,1,3,3.5
1005,2,21/05/2024,418,43,35,287,43,1,2,2,5.0
1027,6,31/12/2023,125,37,19,194,68,1,4,1,2.5
1027,18,26/04/2024,377,33,21,232,98,1,3,2,4.0
1043,2,20/07/2023,394,3,47,160,48,2,0,3,5.0
1043,18,03/06/2023,351,19,50,354,66,4,3,2,5.5
1019,15,25/03/2024,338,23,53,330,65,2,2,3,3.5
1029,27,15/05/2024,50,29,35,349,58,1,2,3,2.5
1010,19,14/03/2023,196,30,54,253,95,1,3,3,2.0
1027,2,13/12/2024,336,39,36,217,67,1,5,1,7.0
1024,20,23/10/2023,191,44,64,388,56,2,2,2,5.0
1038,25,17/01/2023,102,47,45,244,82,2,1,2,2.0
1032,6,02/10/2024,353,25,57,305,96,3,1,0,3.0
1000,1,05/08/2023,118,37,37,352,80,1,2,0,1.0
1026,24,02/03/2023,410,47,66,384,81,2,2,0,6.0
1012,15,07/09/2024,139,8,50,214,89,1,5,0,1.5
1040,28,11/02/2023,495,42,29,198,59,2,1,2,7.5
1002,23,25/01/2023,269,16,68,324,84,2,2,3,5.5
1038,10,08/02/2023,499,8,32,201,79,2,2,3,4.5
1005,19,11/05/2023,241,1,58,251,78,2,5,1,1.5
1007,17,12/05/2024,112,44,56,365,88,1,5,3,2.5
1026,5,17/08/2023,122,5,19,331,92,2,3,2,2.5
1008,29,18/04/2023,210,3,46,337,62,1,5,2,2.0
1036,4,21/06/2023,218,1,58,206,86,2,0,2,2.5
1032,10,10/03/2024,138,4,27,196,71,1,1,1,3.5
1041,24,22/04/2024,225,40,19,308,91,2,3,0,1.5
1043,17,12/04/2023,318,35,68,382,86,3,0,3,4.5
1023,10,07/06/2024,122,32,28,323,72,3,2,2,1.5
1014,17,02/10/2023,294,42,30,391,96,3,2,2,4.0
1031,28,04/09/2024,126,34,27,175,85,2,3,0,3.0
1031,20,13/02/2023,208,43,31,390,44,2,5,2,4.0
1023,24,17/01/2023,373,25,35,263,82,2,2,3,3.5
1040,5,26/11/2023,147,10,68,154,87,3,4,1,1.5
1048,2,22/07/2024,430,21,26,233,73,1,3,2,6.5
1048,6,11/05/2024,151,46,56,201,79,4,0,3,3.0
1011,21,12/01/2023,181,39,45,254,50,3,3,2,4.0
1038,2,14/11/2023,151,27,20,352,89,2,1,0,2.5
1001,13,14/08/2024,68,27,37,397,42,1,5,2,3.0
1002,11,04/08/2023,131,2,23,203,97,1,5,2,1.0
1048,11,05/12/2023,446,41,44,310,72,3,3,1,5.0
1036,16,22/10/2024,328,48,19,327,50,1,2,0,6.0
1048,11,22/03/2023,388,13,46,315,55,3,2,0,6.0
1016,19,27/12/2024,414,9,55,304,57,1,4,1,4.0
1048,15,29/04/2024,380,36,20,375,69,1,4,2,4.5
1001,25,09/01/2024,178,22,33,164,87,3,5,3,2.5
1001,23,10/12/2024,393,42,47,373,94,2,4,0,6.5
1027,23,19/07/2023,359,26,57,210,49,2,0,0,5.5
1022,16,20/06/2024,138,12,19,271,57,2,4,2,1.0
1036,11,10/04/2024,262,17,34,170,77,1,0,2,3.0
1031,22,30/03/2023,192,14,58,195,58,2,4,0,2.5
1032,16,25/09/2023,114,14,29,346,75,1,5,2,0.5
1000,8,16/10/2024,125,34,52,283,98,3,5,3,2.0
1018,4,24/07/2024,248,20,60,187,52,3,0,0,3.5
1001,8,03/05/2024,192,11,18,211,95,1,3,3,2.0
1043,4,21/06/2024,454,16,62,235,85,2,5,3,4.5
1025,24,16/02/2023,452,31,32,339,42,2,3,2,7.5
1031,25,15/10/2023,365,6,43,359,49,1,2,3,4.0
1005,3,16/01/2023,142,19,54,227,77,4,0,2,2.0
1031,3,11/12/2024,466,37,38,351,40,1,5,1,6.0
1003,27,05/02/2024,354,4,66,195,94,1,1,2,3.0
1010,29,27/03/2023,273,47,48,290,95,2,2,3,4.0
1016,18,07/09/2023,340,4,42,372,66,2,3,1,4.0
1037,29,26/01/2024,477,20,40,371,85,2,5,2,5.5
1023,26,01/12/2023,151,10,41,152,47,2,0,3,1.5
1004,19,20/09/2024,316,24,55,371,90,2,4,0,3.5
1033,19,02/06/2024,404,35,45,155,85,2,1,0,5.5
1005,21,17/05/2023,159,26,38,242,81,1,3,2,2.0
1021,5,18/11/2024,379,37,60,157,56,1,2,2,5.5
1010,18,12/05/2024,499,38,35,321,48,1,0,0,6.5
1047,28,27/12/2024,479,21,53,386,45,1,1,3,6.5
1015,10,21/04/2024,314,40,52,384,82,2,0,3,5.0
1032,29,16/08/2024,52,39,62,257,64,1,5,3,1.5
1008,22,11/08/2023,134,21,26,310,78,1,4,2,1.0
1005,21,07/01/2024,331,10,55,358,88,1,2,1,2.5
1015,6,06/02/2024,377,38,47,389,99,3,0,1,5.5
1028,1,18/03/2024,353,46,61,224,67,3,3,1,5.5
1002,5,04/05/2024,499,4,51,226,72,2,5,1,6.0
1019,9,06/09/2024,461,45,49,199,93,3,5,1,6.5
1035,12,30/09/2023,166,20,20,160,76,2,2,2,2.5
1018,26,09/06/2024,270,17,20,244,48,2,5,2,3.0
1025,14,08/06/2023,203,7,45,305,57,1,3,1,2.0
1002,2,01/06/2023,202,4,61,385,95,2,0,2,1.0
1018,17,11/09/2024,61,29,32,219,98,2,2,2,2.5
1019,14,07/07/2023,182,14,58,318,60,2,5,1,2.0
1031,26,08/04/2023,353,3,40,165,41,2,5,3,5.5
1006,13,11/05/2023,342,24,57,217,97,2,3,2,4.0
1040,27,20/06/2023,349,37,28,248,82,2,4,3,4.0
1032,9,02/07/2023,277,16,65,197,98,3,4,2,2.0
1039,26,30/12/2023,320,4,49,333,99,1,5,2,2.5
1038,25,08/02/2023,92,24,53,213,77,2,0,1,3.0
1017,15,10/06/2024,481,34,50,336,97,1,2,2,4.5
1039,25,11/05/2024,392,30,41,239,79,2,5,0,7.0
1000,22,30/05/2024,375,18,56,339,75,2,1,0,3.5
1010,15,15/12/2023,351,19,51,398,89,1,2,1,5.0
1027,24,01/02/2024,413,31,45,225,99,2,4,3,4.5
1024,11,22/12/2024,428,19,54,288,82,1,5,3,4.5
1049,16,10/06/2023,476,49,24,250,76,2,3,3,5.0
1022,29,16/01/2023,70,46,21,238,54,1,1,0,2.0
1030,17,07/05/2024,456,19,54,167,67,2,5,3,4.5
1029,26,01/03/2024,156,22,18,168,57,1,0,3,1.0
1041,4,18/04/2023,385,24,18,364,73,2,1,1,5.0
1034,1,25/03/2024,352,45,64,204,61,1,5,3,4.5
1006,8,07/11/2023,166,12,37,251,50,3,0,0,4.5
1015,17,19/06/2023,173,30,36,267,97,3,1,0,3.5
1025,3,29/06/2024,448,38,46,359,96,4,0,0,7.0
1047,29,18/02/2024,330,31,27,303,52,2,0,1,4.0
1048,20,08/09/2023,341,36,35,283,43,2,1,1,5.0
1001,15,21/05/2023,252,19,45,153,61,1,1,2,1.0
1000,15,01/10/2023,100,48,52,257,46,1,0,3,2.5
1047,24,20/02/2024,320,45,60,264,82,1,4,1,4.5
1011,22,30/08/2024,373,36,64,178,93,2,1,0,4.5
1004,14,08/02/2023,326,30,48,208,63,3,5,0,4.5
1036,26,29/01/2023,190,49,44,274,43,1,2,1,4.0
1031,28,21/04/2024,324,33,28,247,67,3,3,1,1.5
1008,23,14/11/2023,339,18,66,166,54,2,0,1,4.5
1040,14,02/09/2023,383,49,66,256,40,2,0,2,6.0
1034,24,27/11/2024,430,28,55,192,94,1,3,0,6.5
1018,2,29/09/2023,422,47,22,394,42,1,4,2,6.5
1047,13,15/03/2024,101,11,25,229,53,2,3,2,2.0
1015,26,27/08/2023,76,45,51,343,77,2,1,3,3.0
1002,14,12/01/2024,206,33,65,311,89,1,3,0,0.5
1019,27,23/09/2023,288,17,69,396,96,2,0,0,3.0
1023,24,25/12/2023,205,6,29,157,40,3,3,1,2.5
1032,19,06/12/2023,340,4,55,290,77,3,2,1,4.0
1023,7,24/01/2024,185,20,18,255,77,3,5,3,0.5
1010,3,30/07/2024,193,48,48,157,60,1,1,2,5.0
1048,15,19/11/2024,155,47,21,371,87,1,3,1,2.5
1007,23,03/01/2023,469,27,66,245,68,2,0,1,6.0
1035,14,04/03/2024,207,15,62,377,44,1,5,0,3.5
1037,11,22/05/2023,195,6,67,388,88,1,1,0,3.5
1039,15,11/01/2024,51,47,22,243,49,1,0,1,0.5
1019,28,31/10/2024,482,14,47,214,67,1,4,0,5.5
1034,13,20/11/2023,126,11,41,320,60,1,2,3,3.0
1047,18,26/05/2023,181,39,20,188,89,1,4,1,2.5
1024,26,20/10/2023,139,9,28,230,46,1,2,0,1.5
1034,6,26/10/2024,394,26,62,336,42,1,3,3,4.5
1024,3,07/03/2024,399,16,21,233,84,2,1,0,4.0
1028,19,05/12/2024,312,5,43,237,86,2,3,0,2.5
1017,15,07/08/2024,400,10,44,391,59,2,2,0,4.5
1045,25,03/02/2024,157,3,63,235,58,1,2,1,4.0
1017,23,10/12/2023,123,13,60,242,74,1,2,2,1.5
1001,5,20/05/2023,88,43,44,235,43,2,5,0,2.0
1034,28,06/07/2023,446,49,59,193,44,2,0,3,6.5
1015,10,02/03/2023,208,30,68,286,40,2,1,1,3.5
1040,7,15/01/2024,120,45,67,314,43,1,3,1,1.5
1035,25,10/12/2024,496,6,23,223,51,3,3,3,6.0
1032,17,15/03/2024,361,17,32,185,99,1,4,0,4.0
1003,7,15/11/2023,290,45,47,250,66,1,2,2,5.5
1032,22,29/10/2023,475,19,59,369,95,2,2,0,4.0
1013,26,10/12/2023,494,42,54,305,81,2,2,3,7.0
1020,12,11/01/2023,347,35,54,319,62,1,3,1,4.5
1047,25,03/03/2023,489,46,59,320,64,1,4,2,5.0
1019,17,14/08/2023,85,26,54,362,60,2,0,1,0.5
1007,13,02/06/2023,133,5,52,365,97,1,5,3,3.5
1006,20,11/12/2024,423,29,40,319,91,1,1,0,5.0
1002,25,17/07/2024,312,37,23,253,63,1,0,2,5.5
1016,4,24/07/2024,359,20,21,215,64,3,3,1,3.0
1032,10,06/08/2024,434,49,35,204,84,1,5,1,8.0
1047,3,21/10/2024,221,21,26,349,94,4,5,1,3.5
1011,9,28/07/2024,425,10,66,325,85,2,5,0,4.5
1021,13,06/11/2023,222,5,46,240,71,4,2,2,2.5
1021,18,31/08/2023,411,36,30,171,94,3,1,0,5.5
1045,15,07/05/2024,96,6,64,250,71,1,3,0,2.0
1029,4,01/01/2024,428,26,69,304,44,1,3,0,6.0
1037,15,26/11/2023,190,4,34,270,75,1,5,3,2.5
1037,22,17/04/2023,424,39,62,242,85,1,3,3,6.0
1044,2,14/08/2023,455,39,49,344,81,2,1,3,4.0
1007,15,06/08/2023,167,35,65,257,88,1,1,2,2.0
1026,8,20/05/2024,326,1,39,290,81,1,4,0,2.0
1026,8,16/09/2023,263,24,21,322,97,1,4,0,4.0
1033,17,31/05/2024,269,36,22,159,78,3,0,3,3.0
1020,12,23/02/2023,442,6,54,377,55,1,1,0,3.5
1029,19,16/02/2023,75,41,58,158,72,1,1,0,1.0
1032,10,27/12/2024,58,46,66,331,88,1,1,1,2.0
1027,9,19/11/2024,320,44,30,397,60,3,4,0,4.5
1046,5,04/06/2024,59,31,51,396,48,2,5,1,1.0
1032,6,09/04/2023,427,20,62,304,45,1,5,0,4.0
1004,20,20/01/2023,170,24,39,183,90,1,3,2,2.5
1047,26,26/07/2024,174,25,40,392,84,1,5,3,2.0
1018,2,04/05/2024,219,36,68,278,74,1,2,1,3.0
1003,27,23/02/2024,121,21,20,309,78,3,4,3,2.0
1034,24,20/11/2024,201,30,59,238,61,2,1,1,3.5
1048,27,03/03/2023,257,24,51,242,80,1,5,1,4.0
1016,13,25/05/2023,98,44,49,220,93,3,4,1,2.0
1043,6,04/08/2023,203,42,62,390,44,1,5,2,3.5
1027,5,03/01/2023,396,30,68,216,81,2,0,0,5.0
1029,25,09/06/2023,342,22,66,361,62,3,1,1,4.0
1028,1,30/04/2023,117,28,38,297,56,1,0,2,0.5
1045,21,30/03/2023,99,7,63,266,51,2,1,1,3.0
1005,22,25/11/2023,201,35,61,243,62,1,4,0,4.0
1034,21,02/08/2024,68,28,38,312,55,1,3,1,4.0
1040,6,23/12/2023,149,14,61,248,42,1,5,2,5.0
1036,6,01/09/2024,109,10,28,262,69,1,5,0,0.5
1023,23,24/09/2023,216,16,56,252,96,2,2,2,2.0
1028,16,08/09/2024,251,16,21,240,61,3,0,0,6.0
1048,4,19/11/2023,394,31,68,239,48,2,5,0,5.5
1045,11,26/09/2024,195,42,18,355,68,3,4,3,3.5
1030,24,24/06/2024,452,25,45,166,86,3,3,3,3.5
1034,23,10/10/2024,213,13,41,167,76,1,4,3,3.0
1032,9,14/07/2023,488,6,52,322,62,1,0,0,7.5
1020,23,28/11/2023,291,44,30,265,52,1,2,1,6.0
1031,3,19/06/2023,118,9,64,242,71,2,5,2,1.0
1022,19,04/06/2024,224,45,51,361,85,3,4,2,3.0
1032,8,07/04/2024,98,36,28,330,91,1,1,2,0.5
1002,5,09/02/2023,157,43,53,240,86,2,3,3,2.0
1017,4,20/06/2024,275,20,68,231,87,2,4,0,1.5
1024,24,18/09/2023,210,18,34,217,62,2,3,3,3.0
1041,6,30/01/2024,168,43,52,342,84,1,5,1,4.5
1030,2,14/08/2023,198,21,35,263,56,1,1,0,3.5
1002,20,04/05/2023,199,4,57,150,94,1,2,2,3.5
1039,28,07/02/2023,481,33,39,207,79,1,2,3,7.0
1045,11,24/11/2023,342,27,41,303,60,1,1,3,4.0
1023,4,08/09/2023,192,7,36,258,41,2,3,1,2.0
1049,15,25/06/2023,468,6,54,297,76,1,5,1,4.5
1031,6,24/08/2024,209,15,56,265,45,3,4,3,1.5
1046,22,29/03/2024,60,18,38,236,83,2,1,1,1.0
1021,17,06/02/2023,187,32,25,159,57,2,0,2,0.5
1022,24,12/11/2023,127,11,45,208,69,1,3,1,2.5
1001,6,18/11/2024,126,20,22,352,61,2,2,1,2.5
1026,19,15/08/2024,490,24,34,190,93,3,1,3,6.0
1041,25,24/04/2023,303,15,54,254,72,1,2,3,5.0
1001,2,09/02/2023,458,48,53,282,69,1,3,0,6.0
1025,15,28/10/2023,307,7,36,271,56,2,2,0,5.5
1016,11,12/08/2023,369,21,44,342,82,1,1,3,5.0
1039,8,14/11/2023,340,42,51,294,71,1,3,1,4.0
1032,26,15/12/2023,312,26,28,171,81,1,0,1,3.5
1008,19,25/04/2023,134,44,62,247,90,1,1,0,0.0
1042,13,28/11/2024,195,14,64,397,53,2,4,0,2.0
1047,12,19/11/2023,372,37,29,386,97,1,5,0,4.0
1038,5,21/07/2024,91,21,38,318,49,3,1,2,2.5
1028,6,09/02/2023,423,18,28,370,86,2,3,2,4.0
1041,26,09/02/2023,174,5,56,217,99,2,5,0,0.5
1025,22,16/10/2023,216,3,45,346,90,2,1,1,0.5
1034,4,19/09/2023,474,23,22,288,75,3,0,0,5.0
1049,19,04/08/2023,290,26,34,205,73,1,0,2,6.0
1024,20,27/05/2023,329,37,37,328,48,3,4,1,5.0
1023,1,02/12/2023,237,24,58,298,81,2,2,2,4.0
1012,20,17/06/2023,351,49,63,248,67,2,5,1,4.0
1006,17,02/04/2023,68,19,29,225,50,2,3,2,0.0
1035,12,19/12/2023,117,25,23,175,53,1,3,1,1.0
1044,15,24/07/2024,267,21,34,264,78,1,2,1,3.5
1019,1,24/07/2024,151,12,68,296,94,2,0,1,0.0
1000,26,11/11/2024,91,41,36,258,86,1,0,1,1.0
1007,14,29/12/2023,337,33,43,337,93,2,1,3,3.5
1045,6,10/07/2024,216,4,65,348,58,1,4,2,1.5
1015,5,11/12/2023,158,42,61,196,93,1,5,2,0.5
1013,11,23/11/2024,85,7,61,396,54,1,4,3,2.0
1011,4,19/06/2023,281,22,69,220,67,1,4,1,4.0
1022,13,22/12/2023,278,33,49,303,63,2,1,1,5.0
1014,11,10/07/2023,402,17,23,189,47,1,4,2,4.0
1027,3,28/10/2024,213,24,53,282,82,4,2,3,3.5
1033,1,26/02/2024,436,34,55,298,48,2,1,1,7.5
1001,6,30/11/2024,122,28,28,355,86,1,2,1,2.5
1031,18,07/01/2023,185,43,50,281,72,2,1,1,2.5
1022,24,13/05/2023,402,41,41,172,72,3,4,0,5.5
1021,10,10/07/2024,428,39,40,255,58,2,2,3,5.0
1024,5,31/01/2023,119,22,32,233,42,1,2,1,1.5
1021,23,18/06/2024,474,49,44,292,49,3,2,0,7.0
1021,10,01/03/2024,245,17,28,391,79,2,1,3,3.0
1048,12,29/01/2024,318,34,68,265,86,1,3,1,5.5
1041,2,02/11/2024,98,6,67,258,81,1,4,2,1.0
1005,13,29/12/2023,365,46,34,370,40,2,2,0,5.0
1014,8,12/03/2024,179,6,68,285,68,1,5,0,2.0
1042,2,31/10/2024,493,34,31,190,89,3,3,1,4.5
1036,20,04/07/2024,54,1,44,261,73,1,5,1,2.0
1032,1,23/03/2023,477,10,35,296,90,3,4,0,7.5
1007,5,22/12/2023,76,21,45,261,52,2,4,2,1.5
1043,9,15/09/2023,209,5,68,252,93,1,2,2,1.5
1043,17,18/12/2024,198,2,64,195,40,1,2,3,2.0
1004,9,11/08/2024,313,22,64,305,73,2,1,1,3.5
1038,11,07/06/2024,279,48,21,387,68,2,3,2,6.0
1003,15,22/10/2023,249,2,24,398,87,2,3,3,2.0
1005,24,12/08/2023,99,10,62,368,86,1,2,2,1.0
1044,6,08/06/2024,116,34,52,217,52,1,4,1,1.5
1031,23,15/02/2023,349,16,65,271,87,1,2,3,4.5
1029,3,28/10/2024,430,48,26,164,88,2,4,3,5.5
1046,17,23/04/2023,107,39,25,376,92,1,4,3,1.0
1034,5,21/08/2023,308,22,69,314,68,1,2,2,3.0
1039,28,17/01/2023,391,12,62,278,78,2,0,1,6.0
1015,12,26/12/2023,375,24,34,344,63,3,3,3,5.0
1012,18,11/08/2023,179,47,34,260,65,1,5,0,3.5
1049,14,30/11/2024,264,40,66,173,56,1,4,1,4.0
1041,21,23/03/2024,221,38,50,176,46,2,4,0,5.0
1029,24,31/12/2023,307,10,49,189,52,2,0,0,3.0
1018,11,05/11/2024,151,35,25,340,44,1,5,3,2.5
1016,9,22/11/2023,258,49,36,338,65,3,1,3,4.0
1018,2,11/04/2024,340,32,55,313,88,3,0,2,2.5
1027,12,18/02/2024,403,7,20,375,42,1,5,2,4.0
1025,3,30/03/2024,335,21,22,370,46,1,0,2,5.5
1036,3,08/08/2024,165,20,30,173,97,2,4,1,3.0
1025,1,21/08/2023,313,26,64,173,88,2,3,2,5.0
1022,8,12/08/2023,199,4,63,383,78,1,0,0,2.0
1008,22,16/02/2024,349,46,48,153,92,2,1,2,4.0
1011,28,25/07/2024,491,22,33,216,40,2,2,3,4.5
1000,29,01/12/2023,85,15,67,183,88,1,5,2,2.5
1000,8,10/08/2023,382,40,49,334,56,2,0,1,6.5
1046,11,06/02/2023,336,21,39,326,82,3,0,1,5.0
1033,9,05/10/2023,352,15,46,364,64,1,1,0,6.0
1031,5,15/07/2023,360,22,39,330,98,1,3,1,4.5
1047,14,28/04/2024,257,28,60,397,42,1,0,2,5.5
1024,28,30/08/2023,155,14,20,265,54,3,0,3,2.5
1039,3,20/11/2023,495,27,27,172,68,4,3,1,4.0
1044,21,11/07/2023,207,41,59,258,92,1,1,0,4.0
1000,5,17/01/2023,170,40,38,218,82,2,5,2,1.0
1015,5,07/06/2024,104,28,33,244,71,2,5,0,2.0
1038,19,05/02/2024,449,26,29,330,65,2,0,1,6.5
1004,27,05/12/2024,61,49,19,211,99,1,3,1,2.0
1021,14,22/01/2023,194,2,58,318,55,1,0,0,5.0
1028,26,18/04/2024,449,25,41,206,64,1,2,2,3.5
1002,4,30/04/2023,445,3,52,398,93,2,5,1,4.5
1011,25,29/07/2023,185,8,47,337,67,1,4,3,2.5
1025,13,02/11/2023,52,44,47,203,48,3,2,1,1.0
1015,10,27/09/2023,193,33,64,219,95,1,0,2,1.5
1036,25,04/12/2024,79,42,52,250,95,1,1,1,1.0
1021,18,17/11/2024,286,35,36,206,40,2,5,0,3.5
1028,8,12/10/2023,328,6,67,287,68,2,4,1,4.0
1013,8,16/12/2024,397,39,25,317,96,1,2,1,4.0
1027,7,06/11/2024,164,23,43,284,61,1,5,2,3.0
1004,8,15/08/2023,153,25,66,252,55,4,3,0,3.5
1046,14,16/01/2024,167,43,57,315,80,1,1,2,3.5
1048,19,04/04/2024,54,19,24,234,90,1,2,1,0.5
1029,29,07/01/2023,409,5,47,210,83,3,3,3,4.5
1045,6,29/01/2023,297,11,24,361,90,1,0,1,4.5
1004,1,02/02/2023,413,12,20,152,93,1,3,2,5.0
1011,23,07/10/2024,370,10,18,277,80,1,2,3,6.0
1015,15,20/03/2023,170,8,53,328,46,1,2,2,3.5
1025,1,03/04/2024,335,24,42,235,53,1,0,2,6.5
1025,25,23/07/2024,198,28,54,196,68,1,3,0,0.5
1047,17,21/06/2024,133,41,18,345,58,1,3,3,3.0
1020,1,26/04/2024,455,36,32,369,58,1,0,1,5.5
1038,15,05/03/2024,280,37,54,225,41,2,3,2,4.5
1035,23,12/10/2023,337,21,30,187,80,1,5,1,3.5
1032,2,30/05/2024,210,8,57,392,84,1,0,0,3.0
1029,14,09/04/2023,321,9,25,313,54,3,1,0,2.5
1036,21,01/02/2024,87,47,22,388,42,2,2,3,3.0
1022,8,03/05/2024,275,15,26,318,50,1,1,0,3.0
1009,8,08/02/2023,191,48,18,346,92,3,5,0,2.5
1004,19,28/09/2023,341,46,53,290,85,1,5,1,5.0
1035,7,06/06/2023,200,40,52,236,69,1,4,0,3.5
1033,19,16/03/2023,163,18,19,207,96,2,4,0,3.0
1030,6,10/05/2023,286,42,57,199,79,2,4,2,3.0
1009,6,17/11/2024,115,20,40,179,57,1,0,0,2.0
1018,3,25/03/2023,410,6,26,339,90,1,3,2,5.5
1031,7,22/01/2023,390,12,51,250,87,2,5,0,4.5
1000,19,03/04/2024,307,2,63,174,41,1,1,0,4.5
1004,8,22/06/2024,298,7,31,261,71,3,1,3,4.5
1044,10,07/12/2024,498,16,21,304,47,1,1,3,5.5
1003,20,17/01/2024,380,3,47,328,61,3,1,2,4.0
1015,15,15/03/2024,372,45,48,355,45,2,4,0,6.0
1023,15,26/08/2024,229,3,55,334,51,3,1,1,3.0
1015,29,21/01/2023,239,27,28,275,86,2,3,3,4.5
1001,1,30/10/2023,456,43,52,389,96,2,4,1,6.0
1048,20,25/03/2023,203,40,25,272,79,1,1,3,2.5
1027,7,20/10/2024,245,38,20,196,75,1,0,3,4.0
1031,27,28/03/2024,360,33,31,267,54,1,2,0,4.0
1026,4,22/01/2024,311,28,30,377,67,3,2,3,5.0
1019,29,21/05/2024,468,1,62,188,91,3,2,1,3.5
1023,6,14/09/2023,455,8,49,165,96,1,4,3,6.0
1011,25,23/07/2024,476,37,51,397,88,1,1,2,6.0
1049,1,10/06/2024,192,32,62,171,84,1,5,0,2.5
1034,29,11/06/2023,391,48,36,362,57,2,5,0,6.5
1032,5,12/06/2023,365,43,55,203,41,1,5,2,6.0
1032,27,07/06/2024,150,37,33,298,52,2,4,2,4.5
1042,23,28/09/2023,293,4,19,349,84,4,3,2,4.5
1036,1,06/05/2024,61,30,57,390,93,1,0,3,1.5
1011,4,27/07/2023,288,6,34,165,54,1,0,0,3.0
1002,22,22/06/2024,98,46,51,208,59,1,2,2,2.0
1000,2,06/08/2024,91,19,59,396,68,1,2,3,1.5
1032,10,01/03/2023,215,32,33,180,98,1,5,2,4.0
1039,5,05/03/2024,131,9,55,319,81,1,5,1,1.5
1009,27,18/10/2024,478,12,19,351,68,3,2,1,5.0
1042,10,27/08/2024,340,11,19,181,42,1,1,0,6.5
1043,1,05/11/2023,207,46,43,336,58,1,3,3,3.5
1028,22,03/06/2024,265,16,30,311,42,3,3,1,3.0
1012,6,13/08/2024,207,1,64,158,93,2,3,1,3.0
1011,13,27/01/2023,183,45,48,358,53,1,3,3,3.5
1030,15,16/11/2024,116,21,51,288,79,2,2,2,0.5
1045,4,15/07/2024,385,30,56,373,98,1,0,3,5.5
1001,13,18/07/2023,56,13,20,159,94,2,2,2,0.0
1049,24,22/01/2024,485,34,25,363,43,2,3,1,6.5
1034,20,15/12/2023,63,4,40,398,98,2,2,1,0.5
1022,24,23/11/2024,122,28,31,166,99,1,3,1,2.0
1016,15,19/06/2024,448,38,44,217,91,3,4,0,3.0
1025,29,13/01/2024,454,31,46,197,50,1,5,0,5.5
1007,8,11/07/2024,212,27,56,329,97,1,0,0,4.0
1028,5,10/06/2024,115,5,56,260,70,1,4,3,3.0
1025,29,02/06/2023,396,25,18,302,82,1,1,1,3.5
1009,15,25/07/2023,179,3,34,272,71,1,2,1,3.0
1025,4,30/03/2024,468,33,58,298,66,3,1,3,5.0
1033,12,30/09/2023,255,4,47,250,69,3,2,0,2.5
1040,13,24/08/2023,325,25,30,251,82,1,5,3,3.5
1006,2,04/06/2024,305,20,38,390,41,1,4,0,4.5
1003,27,08/11/2024,315,34,36,214,88,1,5,1,5.0
1049,19,26/12/2024,74,26,36,340,48,1,3,2,2.5
1044,19,15/05/2024,499,5,42,366,67,1,5,0,5.5
1010,4,27/04/2023,330,35,39,200,70,3,5,1,5.5
1028,4,21/01/2024,302,28,48,185,99,1,3,1,3.0
1035,26,10/12/2023,359,29,34,230,73,1,2,2,4.5
1024,11,06/08/2024,338,9,40,382,95,1,3,1,4.5
1020,27,30/01/2024,213,38,49,276,54,3,4,1,4.0
1035,5,05/03/2023,144,6,27,237,87,2,5,0,1.5
1009,20,17/12/2024,319,19,27,343,64,3,3,0,2.5
1036,11,21/12/2024,370,44,53,253,75,2,5,2,5.5
1008,10,13/03/2023,159,11,25,164,47,1,4,2,1.0
1023,8,01/10/2023,385,2,69,245,48,1,1,1,4.5
1034,6,16/11/2023,359,47,37,316,97,2,4,0,6.0
1048,6,04/12/2023,287,44,49,272,97,1,0,2,4.5
1034,8,01/01/2024,430,44,67,347,76,2,0,2,3.5
1047,23,09/05/2024,485,9,31,150,87,1,0,3,5.5
1035,15,29/08/2024,436,21,67,388,84,1,5,2,4.5
1017,26,15/06/2023,474,24,45,300,78,2,2,1,4.5
1048,14,27/06/2024,439,34,63,271,71,2,2,0,6.0
1038,11,11/01/2023,74,22,69,316,97,2,2,2,0.5
1031,12,28/10/2023,190,3,41,275,91,1,5,3,1.5
1023,26,29/12/2024,166,12,32,206,56,2,4,0,2.5
1022,13,12/04/2023,441,28,39,230,74,1,2,2,4.5
1031,8,29/02/2024,454,30,47,311,76,1,1,3,5.5
1036,18,27/01/2024,74,26,21,318,58,1,0,2,1.5
1011,25,02/08/2023,128,48,30,370,83,1,4,0,2.0
1048,1,21/11/2024,117,21,40,222,68,1,0,0,3.0
1012,15,29/03/2023,222,28,25,290,98,1,2,0,4.0
1022,8,06/07/2024,493,26,35,219,46,1,4,1,4.5
1024,28,05/02/2024,61,33,29,155,67,1,3,2,2.5
1034,11,10/08/2024,337,21,48,233,48,1,1,1,6.0
1040,12,15/02/2023,177,35,31,201,67,1,2,0,4.5
1029,12,02/11/2024,145,34,51,394,45,1,2,3,3.5
1016,4,07/04/2024,141,41,35,152,68,2,1,2,1.5
1048,16,14/08/2024,190,47,51,230,97,1,1,1,3.5
1019,4,06/11/2023,80,18,28,212,56,1,3,2,1.0
1047,5,27/03/2023,383,11,58,198,55,1,2,3,4.5
1024,24,02/04/2023,69,23,29,225,62,2,5,1,2.0
1021,5,21/10/2024,195,48,66,261,70,3,2,0,2.5
1012,8,03/11/2024,365,22,32,324,42,2,0,1,4.0
1018,10,14/12/2024,496,17,48,258,60,2,4,2,6.5
1048,17,30/08/2023,439,5,66,332,65,1,4,2,7.0
1035,28,02/01/2023,209,44,46,341,75,2,0,2,4.5
1011,26,13/08/2023,398,11,43,214,81,2,4,2,5.0
1040,9,11/08/2024,92,30,35,230,76,1,1,0,3.0
1018,22,26/04/2023,303,15,49,344,92,1,4,1,4.0
1011,19,27/10/2024,179,27,39,367,61,1,4,0,3.5
1008,29,13/04/2023,109,35,55,164,81,3,0,0,3.0
1006,14,13/07/2023,200,33,34,249,51,2,3,0,2.0
1027,8,15/06/2023,336,20,40,181,81,2,4,2,4.0
1013,9,31/03/2023,54,16,41,245,52,1,5,2,1.5
1030,22,16/11/2024,467,34,67,277,50,1,4,2,6.0
1018,11,02/05/2023,315,2,25,345,93,1,3,1,3.0
1046,23,23/05/2023,394,35,58,295,55,1,0,3,6.0
1015,1,16/04/2023,179,40,23,262,47,3,3,2,2.5
1004,14,03/03/2024,431,28,22,232,79,2,0,1,4.5
1034,5,01/11/2023,316,47,61,192,98,1,1,2,3.5
1011,21,13/11/2023,227,39,46,265,96,3,0,2,4.0
1024,26,26/09/2024,302,6,45,312,79,1,1,0,3.5
1020,14,09/01/2023,464,9,28,381,84,4,1,0,4.5
1035,4,14/03/2023,105,20,18,227,98,1,0,0,1.0
1022,22,25/12/2023,132,1,60,207,41,1,5,1,2.0
1015,23,11/08/2023,442,8,36,182,69,1,2,3,6.5
1038,25,20/02/2024,148,23,26,163,69,1,0,3,1.0
1044,1,06/07/2024,198,3,44,311,51,1,4,1,3.5
1041,22,05/01/2024,378,4,51,338,49,2,5,2,5.0
1038,23,16/12/2024,205,25,61,396,83,3,5,1,2.0
1013,19,21/09/2023,239,47,21,281,50,2,4,2,5.5
1030,8,20/11/2024,420,38,53,365,54,1,2,1,6.0
1004,15,14/11/2023,312,15,35,208,55,2,5,1,3.5
1034,21,25/03/2023,129,21,32,306,56,1,1,1,0.5
1022,15,14/11/2023,449,35,68,232,65,1,2,3,6.0
1028,9,21/04/2023,301,46,30,283,41,2,4,0,5.0
1042,21,08/09/2023,146,14,36,270,89,2,2,1,1.0
1010,9,18/01/2024,309,36,66,374,51,1,0,3,3.5
1017,10,07/01/2023,309,12,23,326,90,1,2,0,4.5
1046,20,03/04/2024,152,17,65,317,65,4,1,0,0.5
1011,25,25/03/2023,89,39,29,232,62,1,0,1,2.5
1008,21,27/07/2023,322,9,68,394,57,1,3,2,4.0
1009,26,25/01/2024,150,35,54,342,71,2,4,2,3.0
1043,9,10/11/2023,408,13,34,346,88,1,4,2,4.0
1016,3,22/01/2023,429,15,40,176,77,1,2,1,5.0
1037,20,14/02/2024,357,18,43,229,96,1,5,2,3.0
1006,25,29/05/2024,270,33,46,283,86,2,0,3,3.5
1045,26,07/05/2023,357,6,50,381,42,2,3,3,5.0
1012,11,30/11/2024,469,27,44,162,77,2,0,3,5.5
1039,6,14/01/2023,173,23,42,389,42,4,4,3,3.5
1041,2,12/01/2023,471,27,27,213,69,2,0,0,5.0
1008,7,28/03/2023,280,34,64,339,40,1,3,3,4.0
1049,18,07/06/2024,227,46,40,376,69,1,5,2,3.0
1026,27,20/06/2024,112,38,38,296,84,2,2,1,2.0
1001,2,28/10/2023,165,14,38,353,71,2,1,2,3.5
1004,27,31/08/2023,240,36,60,229,67,2,0,3,3.5
1028,17,02/05/2023,111,8,30,272,60,2,1,0,0.5
1036,11,27/05/2023,305,35,54,192,97,1,4,3,4.5
1037,27,20/07/2024,56,19,50,351,85,1,2,1,2.5
1018,12,22/12/2023,204,30,41,238,52,1,2,2,2.0
1007,27,15/11/2024,141,14,61,297,66,1,0,1,4.0
1047,19,22/09/2024,63,20,28,244,75,1,5,1,2.0
1044,22,05/11/2023,278,49,34,345,46,2,2,1,5.5
1000,24,25/11/2024,135,25,21,321,61,2,0,2,4.0
1021,25,15/10/2023,182,40,64,300,49,1,0,3,4.5
1016,7,03/11/2023,232,24,42,151,78,1,1,1,3.0
1006,20,16/08/2024,435,14,47,269,92,1,2,2,6.0
1024,6,23/12/2024,111,26,26,171,54,1,0,0,2.5
1044,21,23/10/2024,268,38,38,264,54,2,1,2,5.0
1003,24,02/07/2024,454,23,37,206,43,2,3,0,7.0
1035,1,18/12/2023,295,22,36,378,71,2,1,2,2.5
1005,17,08/11/2023,279,48,36,221,62,2,1,3,5.0
1030,29,28/02/2023,128,19,29,156,94,2,0,1,1.5
1018,11,04/10/2024,198,46,54,355,45,1,4,3,4.0
1043,22,14/12/2024,187,3,59,333,63,1,4,2,2.5
1038,26,04/02/2023,363,42,34,268,59,1,5,1,5.0
1026,28,20/03/2024,425,19,54,344,97,4,4,0,6.0
1009,18,03/04/2023,472,9,65,263,76,1,1,2,4.0
1025,21,26/07/2023,438,28,56,165,59,1,5,1,4.0
1018,17,19/12/2023,114,20,45,396,51,3,0,0,0.5
1038,7,28/11/2023,62,45,58,232,72,3,2,0,3.0
1002,17,25/12/2024,262,7,52,328,67,2,1,3,2.5
1044,20,08/06/2023,291,14,64,359,47,1,1,2,4.0
1012,9,24/01/2023,262,9,65,393,40,1,5,0,3.5
1049,17,08/02/2024,230,19,35,357,76,1,0,1,2.0
1027,20,30/05/2024,387,47,31,221,61,1,3,0,6.0
1019,22,30/12/2023,222,14,52,273,45,1,1,0,3.0
1027,22,17/01/2024,209,38,61,374,60,1,3,3,3.0
1007,28,15/06/2024,213,36,58,262,71,3,3,3,3.5
1040,29,01/06/2023,237,40,24,161,74,1,4,1,4.5
1038,8,15/07/2024,444,17,58,275,54,2,0,3,4.5
1000,17,19/11/2024,240,30,30,202,44,2,3,0,4.5
1002,7,30/08/2024,454,9,35,224,99,1,0,0,6.0
1012,1,08/09/2024,357,33,54,282,95,2,4,3,3.0
1027,13,24/02/2024,305,25,30,176,85,1,0,0,4.0
1048,23,07/09/2023,232,14,53,289,89,1,1,0,2.5
1024,19,27/04/2023,166,11,48,294,87,2,3,1,3.0
1032,27,26/05/2024,331,35,19,283,45,1,0,3,3.5
